Hubspot_account_ids,Orchestra_account_GUID,Name
9306245369,b8cfc5f1-0ae6-4b81-a687-9cabed4f5be7,Powell
9306245368,10c4cef9-94f1-45e4-97ec-9607f69dd700,GraniteRock
9720430567,ea9c5fc3-8ee8-4adb-995f-7fc2511819b2,Momentus
9801523146,63613aad-a954-4a3c-8430-bf89113b71a7,Yuvital
,f0823d5a-a459-4bcf-b6ac-589e765cb100,Orchestra
,cbe82e9b-e943-4617-843c-10d636211630,Orchestra
,126f9a7c-ea2b-4888-a9a9-aeef8dff4acf,Orchestra
,7868740d-923c-42fe-b7a5-324c5a32289f,Orchestra
,080236bf-5fad-4514-81a9-609f6c3ae7dc,Warehows
,c6b04c55-d73b-4d31-bd03-51bae74c68cf,Relay Tech
,94656b7f-b604-4d9c-be29-b1fesaa8c5460,San Francisco Giants
,94656b7f-b604-4d9c-be29-b1feaa8c5460,San Francisco Giants
,7f0ee6c3-ae36-43c6-a8a2-68cb85e7594a, Simon Clark Data
,15764a02-72f3-480b-85a4-35130852a070,Big Little Robots
,8aa9c5d7-0a90-4588-b366-5a0a3a177904,Collecting Cars
,74211766-d5bf-47f1-a124-1af634b7ea47,Stratos Consulting
,b0cb6379-8b0f-45de-aa8d-a558b32c3260,Momentus Technologies
,cefcaaf7-9a71-4538-bee1-aca4f5defd65,Mooncoon
,63278081-b7a7-4c11-a267-8299b0ab4cd8,Jean Bidon
,0e768e02-d900-41bd-bdb3-38cd27474fd2,AI Centive
,17c4cbd3-c5c4-4b76-bc1e-4fcb579fbf94,Prevalent AI
,6118e3a0-7987-413d-ae3a-1483f1852ed5,Data Entrega
,9c4c89b2-fcb7-44fb-9035-711a8312ed71,Portable
,c1c081fa-4c51-41b3-a1e0-a5d15fbaec9c,Josh Hall (Coalesce)
,4b000c45-9eef-4dcf-88fe-8b16ecfbb455,Orchestra
,1e77fcfe-b1ee-4136-a09b-fee18b8f2073,River Island
,099b69e0-3787-4e45-9fc4-ffc761b02aca,Vision Labs
,c4627257-8dba-498b-a02c-49886a250e35,FlockFreight
,bb9c1735-636c-412a-b04d-346edbc49863,Akebia
,a71d7ca9-850c-428e-bfee-afee7c6fbccb,Atidiv
,e9e209bb-4870-4786-b590-217e2acdb313,Stylink
,fe8c44b0-6de0-412b-a406-648cd3e9e612,MNSAF
,e34102c8-eafa-4855-bea2-1c5bc3c5f873,Digi Business
,91957e0c-386d-4ed1-a17e-c94c74d9ff61,Pigment
,40f2a7d0-b418-4eb5-ac6b-87e5720bef7a,Vision Labs
,dcbc569c-bb36-49d8-9980-7a0fbbd28ff8,Nimble
,dea1801a-4895-4029-9109-ebf513dbad39, BostonData Co
,b0cf0d4f-8a8c-47b4-b973-36675aac74af, Isuzu Australia
,2e6550fe-2ea8-423a-95ae-99867d474829, Traject
,291b0339-30b8-4c5b-aa89-df27c2f12ac0, SCSK EU
,6eb18174-d18f-4432-a099-338c2318c0bf, Instabee
,59b1c399-93c1-4965-b6c3-7393cdadb176, Lightfold
,56686751-09e4-4a9d-822e-78d713057025, Bilanc
,a2024f83-69a8-4a57-b3f5-9f131b0e9d11, Hellmann
,21c57195-742b-4c96-a028-1c650b258662, Warwick Data Labs
,6a954c95-09d3-40e3-b0e0-3d0f4784e29d, Evolv Consulting
,b5bfdd32-dbde-4c94-946a-aff1c9329547, Ross Serven
,27260dda-1390-4eb4-a633-d2dd8fdc6166, Spam
,d1804c34-4f16-4a00-8876-e68931fdbaf6, Lumos
,ebdc6a47-069c-4ac6-82be-ac874098cf39, OnceUpon
,78dd4fc3-409c-473f-8d88-07018b1b6ec4, Raylo
,0762117d-3881-4879-81bc-9c84e9628cfa, Ark Data Studios
,2a1b8c7a-e4c8-4cfe-93dc-80270ed96fbe, Stanley Martin Homes
,b7d69458-648e-4d4e-a094-1d4b807610ba, ATG Entertainment
,2c70970c-0dee-4b64-8f24-29ef7ca4036c, Spam
,9736080d-ff70-40d5-ac4d-986272c32d56, Prospect
,d3494016-d1a4-4b9f-8e8b-7f10426304b8, Ahana Drall
,504ed8eb-7e7f-40ef-98ff-69d7d2fea567, Spam
,36653618-49e9-46d5-956c-9d1f24f03f35, Spam
,4cd0326a-7887-43da-9332-b7920473f209, Lyst
,59ee9aa3-1760-4db1-8251-1d8f1327cb34, CPPIB
,29020a7d-e1da-4d75-8e2a-b79602b1f9b5, Dawn Capital
